<?xml version="1.0" encoding="utf-8" standalone="no"?><sql_logs>
    <log>
        <place>Example</place>
        <time>example datetime</time>
        <sql>SELECT * FROM example</sql>
        <exception>example exception</exception>
    </log>
<log><place>get_events query2</place><time>2022.04.25 20:29:07</time><sql>SELECT CEIL(COUNT(*)/4.0) as count FROM events_ WHERE expiration_date &gt; NOW() AND expiration_date &lt; ? AND NAME ILIKE ?</sql><exception>org.postgresql.util.PSQLException: ERROR: relation "events_" does not exist
  Position: 41</exception></log><log><place>get_events query2</place><time>2022.04.25 20:30:36</time><sql>SELECT CEIL(COUNT(*)/4.0) as count FROM events_ WHERE expiration_date &gt; NOW() AND expiration_date &lt; ? AND NAME ILIKE ?</sql><exception>org.postgresql.util.PSQLException: ERROR: relation "events_" does not exist
  Position: 41</exception></log><log><place>get_user_by_email connection</place><time>2022.04.26 19:25:47</time><sql>--NO SQL AVAILABLE--</sql><exception>java.sql.SQLException: No suitable driver found for jdbc:postgresql://vava-do-user-7525330-0.b.db.ondigitalocean.com:25060/vava?sslmode=require</exception></log><log><place>get_user_by_email connection</place><time>2022.04.26 19:26:05</time><sql>--NO SQL AVAILABLE--</sql><exception>java.sql.SQLException: No suitable driver found for jdbc:postgresql://vava-do-user-7525330-0.b.db.ondigitalocean.com:25060/vava?sslmode=require</exception></log><log><place>get_user_by_email connection</place><time>2022.04.26 19:26:18</time><sql>--NO SQL AVAILABLE--</sql><exception>java.sql.SQLException: No suitable driver found for jdbc:postgresql://vava-do-user-7525330-0.b.db.ondigitalocean.com:25060/vava?sslmode=require</exception></log><log><place>get_user_by_email connection</place><time>2022.04.26 19:26:20</time><sql>--NO SQL AVAILABLE--</sql><exception>java.sql.SQLException: No suitable driver found for jdbc:postgresql://vava-do-user-7525330-0.b.db.ondigitalocean.com:25060/vava?sslmode=require</exception></log><log><place>get_user_by_email connection</place><time>2022.04.26 20:52:24</time><sql>--NO SQL AVAILABLE--</sql><exception>java.sql.SQLException: No suitable driver found for jdbc:postgresql://vava-do-user-7525330-0.b.db.ondigitalocean.com:25060/vava?sslmode=require</exception></log><log><place>get_user_by_email connection</place><time>2022.04.26 20:52:25</time><sql>--NO SQL AVAILABLE--</sql><exception>java.sql.SQLException: No suitable driver found for jdbc:postgresql://vava-do-user-7525330-0.b.db.ondigitalocean.com:25060/vava?sslmode=require</exception></log><log><place>get_user_by_email connection</place><time>2022.04.26 20:52:26</time><sql>--NO SQL AVAILABLE--</sql><exception>java.sql.SQLException: No suitable driver found for jdbc:postgresql://vava-do-user-7525330-0.b.db.ondigitalocean.com:25060/vava?sslmode=require</exception></log><log><place>get_user_by_email connection</place><time>2022.04.26 20:52:40</time><sql>--NO SQL AVAILABLE--</sql><exception>java.sql.SQLException: No suitable driver found for jdbc:postgresql://vava-do-user-7525330-0.b.db.ondigitalocean.com:25060/vava?sslmode=require</exception></log><log><place>get_user_by_email connection</place><time>2022.04.26 20:53:39</time><sql>--NO SQL AVAILABLE--</sql><exception>java.sql.SQLException: No suitable driver found for jdbc:postgresql://vava-do-user-7525330-0.b.db.ondigitalocean.com:25060/vava?sslmode=require</exception></log><log><place>create_user connection</place><time>2022.04.26 20:53:39</time><sql>--NO SQL AVAILABLE--</sql><exception>java.sql.SQLException: No suitable driver found for jdbc:postgresql://vava-do-user-7525330-0.b.db.ondigitalocean.com:25060/vava?sslmode=require</exception></log></sql_logs>